model_name,Recall@1,Recall@5,Recall@10,Recall@15,Recall@20,Recall@25,Recall@30,Recall@35,Recall@40,Recall@45,Recall@50,MRR@10
Dataset-1-CodeCMR,0.825,0.895,0.94,0.96,0.97,0.975,0.98,0.98,0.98,0.98,0.985,0.8589781746031746
Dataset-1-CodeCMR_GGSNN_IR_200,0.585,0.74,0.77,0.795,0.81,0.83,0.835,0.845,0.855,0.855,0.89,0.6467777777777777
Dataset-1-CodeCMR_GGSNN_OPC_200,0.515,0.665,0.73,0.785,0.825,0.85,0.86,0.885,0.905,0.93,0.95,0.579359126984127
