model_name,Recall@1,Recall@5,Recall@10,Recall@15,Recall@20,Recall@25,Recall@30,Recall@35,Recall@40,Recall@45,Recall@50,MRR@10
Dataset-1-CodeCMR,0.86,0.92,0.94,0.95,0.965,0.965,0.975,0.985,0.985,0.985,0.995,0.8855
Dataset-1-CodeCMR_GGSNN_IR_200,0.55,0.71,0.73,0.765,0.795,0.82,0.835,0.84,0.86,0.89,0.915,0.613125
Dataset-1-CodeCMR_GGSNN_OPC_200,0.53,0.695,0.765,0.795,0.825,0.87,0.875,0.915,0.93,0.935,0.95,0.5922678571428571
