model_name,Recall@1,Recall@5,Recall@10,Recall@15,Recall@20,Recall@25,Recall@30,Recall@35,Recall@40,Recall@45,Recall@50,MRR@10
Dataset-1-CodeCMR,0.825,0.94,0.96,0.965,0.97,0.985,0.985,0.995,0.995,0.995,0.995,0.8716031746031746
Dataset-1-CodeCMR_GGSNN_IR_200,0.575,0.72,0.755,0.765,0.79,0.815,0.83,0.855,0.87,0.88,0.9,0.637186507936508
Dataset-1-CodeCMR_GGSNN_OPC_200,0.425,0.6,0.67,0.73,0.745,0.78,0.81,0.855,0.88,0.905,0.93,0.49966071428571424
