model_name,Recall@1,Recall@5,Recall@10,Recall@15,Recall@20,Recall@25,Recall@30,Recall@35,Recall@40,Recall@45,Recall@50,MRR@10
Dataset-1-CodeCMR,0.775,0.88,0.925,0.945,0.965,0.98,0.98,0.985,0.985,0.985,0.985,0.8186230158730159
Dataset-1-CodeCMR_GGSNN_IR_200,0.5,0.625,0.69,0.72,0.735,0.755,0.775,0.79,0.815,0.82,0.85,0.5601488095238095
Dataset-1-CodeCMR_GGSNN_OPC_200,0.43,0.61,0.66,0.72,0.75,0.785,0.815,0.82,0.845,0.865,0.88,0.5086111111111112
